{
  "hypothesis": "r2_shallow_200ep",
  "description": "ShallowConvNet 200ep (MOABB's best DL model)",
  "mean_accuracy": 0.7870370370370369,
  "std_accuracy": 0.04298019589728504,
  "per_subject_session": {
    "s1_0train": {
      "mean": 0.7291666666666666,
      "folds": [
        0.75,
        0.7708333333333334,
        0.6666666666666666
      ]
    },
    "s1_1test": {
      "mean": 0.78125,
      "folds": [
        0.75,
        0.8125,
        0.78125
      ]
    },
    "s3_0train": {
      "mean": 0.8263888888888888,
      "folds": [
        0.8229166666666666,
        0.8541666666666666,
        0.8020833333333334
      ]
    },
    "s3_1test": {
      "mean": 0.8541666666666666,
      "folds": [
        0.8333333333333334,
        0.875,
        0.8541666666666666
      ]
    },
    "s7_0train": {
      "mean": 0.7465277777777778,
      "folds": [
        0.7083333333333334,
        0.8020833333333334,
        0.7291666666666666
      ]
    },
    "s7_1test": {
      "mean": 0.7847222222222223,
      "folds": [
        0.84375,
        0.7395833333333334,
        0.7708333333333334
      ]
    }
  },
  "elapsed_seconds": 305.55350947380066,
  "subjects": [
    1,
    3,
    7
  ]
}