{
  "hypothesis": "r2_shallow_500ep_cosine",
  "description": "ShallowConvNet 500ep + cosine LR + AdamW",
  "mean_accuracy": 0.7986111111111112,
  "std_accuracy": 0.052083333333333356,
  "per_subject_session": {
    "s1_0train": {
      "mean": 0.7152777777777778,
      "folds": [
        0.7708333333333334,
        0.65625,
        0.71875
      ]
    },
    "s1_1test": {
      "mean": 0.767361111111111,
      "folds": [
        0.75,
        0.7916666666666666,
        0.7604166666666666
      ]
    },
    "s3_0train": {
      "mean": 0.8611111111111112,
      "folds": [
        0.8333333333333334,
        0.8645833333333334,
        0.8854166666666666
      ]
    },
    "s3_1test": {
      "mean": 0.8645833333333334,
      "folds": [
        0.8958333333333334,
        0.8645833333333334,
        0.8333333333333334
      ]
    },
    "s7_0train": {
      "mean": 0.7916666666666666,
      "folds": [
        0.7708333333333334,
        0.8020833333333334,
        0.8020833333333334
      ]
    },
    "s7_1test": {
      "mean": 0.7916666666666666,
      "folds": [
        0.7708333333333334,
        0.7604166666666666,
        0.84375
      ]
    }
  },
  "elapsed_seconds": 663.4629337787628,
  "subjects": [
    1,
    3,
    7
  ]
}