{
  "hypothesis": "baseline",
  "description": "Default EEGNet (200ep, lr=1e-3, drop=0.5, Adam, bs=64, 4-38Hz)",
  "mean_accuracy": 0.7494212962962964,
  "std_accuracy": 0.08560316949589826,
  "per_subject_session": {
    "s1_0train": {
      "mean": 0.701388888888889,
      "folds": [
        0.6770833333333334,
        0.75,
        0.6770833333333334
      ]
    },
    "s1_1test": {
      "mean": 0.7465277777777778,
      "folds": [
        0.7395833333333334,
        0.75,
        0.75
      ]
    },
    "s3_0train": {
      "mean": 0.8368055555555557,
      "folds": [
        0.8645833333333334,
        0.8125,
        0.8333333333333334
      ]
    },
    "s3_1test": {
      "mean": 0.8819444444444445,
      "folds": [
        0.8958333333333334,
        0.8958333333333334,
        0.8541666666666666
      ]
    },
    "s7_0train": {
      "mean": 0.6319444444444445,
      "folds": [
        0.625,
        0.6875,
        0.5833333333333334
      ]
    },
    "s7_1test": {
      "mean": 0.6979166666666666,
      "folds": [
        0.7083333333333334,
        0.7083333333333334,
        0.6770833333333334
      ]
    }
  },
  "elapsed_seconds": 4700.636284828186,
  "subjects": [
    1,
    3,
    7
  ]
}