{
  "hypothesis": "h02_lr5e4",
  "description": "lr=5e-4",
  "mean_accuracy": 0.24652777777777776,
  "std_accuracy": 0.017361111111111077,
  "per_subject_session": {
    "s1_0train": {
      "mean": 0.22916666666666669,
      "folds": [
        0.25,
        0.20833333333333334
      ]
    },
    "s3_0train": {
      "mean": 0.26388888888888884,
      "folds": [
        0.2569444444444444,
        0.2708333333333333
      ]
    }
  },
  "elapsed_seconds": 202.05130767822266
}