{
  "hypothesis": "h04_cosine",
  "description": "Cosine LR",
  "mean_accuracy": 0.2517361111111111,
  "std_accuracy": 0.001736111111111105,
  "per_subject_session": {
    "s1_0train": {
      "mean": 0.25,
      "folds": [
        0.25,
        0.25
      ]
    },
    "s3_0train": {
      "mean": 0.2534722222222222,
      "folds": [
        0.25,
        0.2569444444444444
      ]
    }
  },
  "elapsed_seconds": 200.88554096221924
}