{
  "hypothesis": "h05_drop25",
  "description": "Dropout 0.25",
  "mean_accuracy": 0.3472222222222222,
  "std_accuracy": 0.05208333333333337,
  "per_subject_session": {
    "s1_0train": {
      "mean": 0.29513888888888884,
      "folds": [
        0.2708333333333333,
        0.3194444444444444
      ]
    },
    "s3_0train": {
      "mean": 0.3993055555555556,
      "folds": [
        0.3680555555555556,
        0.4305555555555556
      ]
    }
  },
  "elapsed_seconds": 204.9145588874817
}