{
  "hypothesis": "h09_wide",
  "description": "1-45 Hz",
  "mean_accuracy": 0.2829861111111111,
  "std_accuracy": 0.005208333333333315,
  "per_subject_session": {
    "s1_0train": {
      "mean": 0.2777777777777778,
      "folds": [
        0.3263888888888889,
        0.22916666666666666
      ]
    },
    "s3_0train": {
      "mean": 0.2881944444444444,
      "folds": [
        0.3194444444444444,
        0.2569444444444444
      ]
    }
  },
  "elapsed_seconds": 179.8756923675537
}