{
  "hypothesis": "h10_mubeta",
  "description": "8-30 Hz mu/beta",
  "mean_accuracy": 0.2934027777777778,
  "std_accuracy": 0.005208333333333343,
  "per_subject_session": {
    "s1_0train": {
      "mean": 0.2986111111111111,
      "folds": [
        0.2847222222222222,
        0.3125
      ]
    },
    "s3_0train": {
      "mean": 0.2881944444444444,
      "folds": [
        0.2986111111111111,
        0.2777777777777778
      ]
    }
  },
  "elapsed_seconds": 179.23461198806763
}