{
  "hypothesis": "h15_kitchen",
  "description": "F16+D4+kern128+mubeta+AdamW+cosine+drop25+200ep",
  "mean_accuracy": 0.4253472222222222,
  "std_accuracy": 0.04340277777777779,
  "per_subject_session": {
    "s1_0train": {
      "mean": 0.3819444444444444,
      "folds": [
        0.4166666666666667,
        0.3472222222222222
      ]
    },
    "s3_0train": {
      "mean": 0.46875,
      "folds": [
        0.4236111111111111,
        0.5138888888888888
      ]
    }
  },
  "elapsed_seconds": 324.4571530818939
}